LOC_BLANK,BRANCH_COUNT,CALL_PAIRS,LOC_CODE_AND_COMMENT,LOC_COMMENTS,CONDITION_COUNT,CYCLOMATIC_COMPLEXITY,CYCLOMATIC_DENSITY,DECISION_COUNT,DECISION_DENSITY,DESIGN_COMPLEXITY,DESIGN_DENSITY,EDGE_COUNT,ESSENTIAL_COMPLEXITY,ESSENTIAL_DENSITY,LOC_EXECUTABLE,PARAMETER_COUNT,GLOBAL_DATA_COMPLEXITY,GLOBAL_DATA_DENSITY,HALSTEAD_CONTENT,HALSTEAD_DIFFICULTY,HALSTEAD_EFFORT,HALSTEAD_ERROR_EST,HALSTEAD_LENGTH,HALSTEAD_LEVEL,HALSTEAD_PROG_TIME,HALSTEAD_VOLUME,MAINTENANCE_SEVERITY,MODIFIED_CONDITION_COUNT,MULTIPLE_CONDITION_COUNT,NODE_COUNT,NORMALIZED_CYLOMATIC_COMPLEXITY,NUM_OPERANDS,NUM_OPERATORS,NUM_UNIQUE_OPERANDS,NUM_UNIQUE_OPERATORS,NUMBER_OF_LINES,PERCENT_COMMENTS,LOC_TOTAL,Defective
0.1523809523809524,0.13114754098360656,0.0,0.0,0.1788617886178862,0.12264150943396226,0.13114754098360656,0.16666666666666669,0.09999999999999999,0.5,0.0,0.07216494845360827,0.10743801652892564,0.15789473684210525,0.67,0.16842105263157894,0.0,0.11475409836065574,0.7,0.12084223375038147,0.3210115164693565,0.03651739487146638,0.08430232558139535,0.12677966101694915,0.015151515151515152,0.03651724654954651,0.08415249141726634,0.6842105263157894,0.13114754098360656,0.12264150943396226,0.09677419354838711,0.125,0.11237785016286646,0.13704994192799072,0.10309278350515463,0.3448275862068966,0.1829787234042553,0.43657142857142855,0.15789473684210525,0
0.08571428571428572,0.0819672131147541,0.1111111111111111,0.0,0.11382113821138212,0.11320754716981132,0.0819672131147541,0.19791666666666669,0.12000000000000001,0.0,0.10000000000000002,0.4123711340206186,0.09504132231404959,0.0,0.0,0.09824561403508773,0.0,0.11475409836065574,1.0,0.18339945071711936,0.13425142949182572,0.00977186204729977,0.05232558139534884,0.06440677966101696,0.07575757575757576,0.009771852751123347,0.050995985026281596,0.09473684210526317,0.09836065573770492,0.11320754716981132,0.09677419354838711,0.15625,0.07003257328990228,0.06039488966318235,0.2268041237113402,0.5517241379310345,0.10851063829787234,0.45457142857142857,0.09210526315789475,0
0.01904761904761905,0.0,0.0,0.0,0.0,0.0,0.0,0.21875,0.0,0.0,0.0,0.48453608247422686,0.008264462809917356,0.0,0.0,0.021052631578947368,0.0,0.03278688524590164,1.0,0.09108941104668905,0.046629620681323994,0.0009122972771881935,0.011627906976744188,0.02033898305084746,0.19696969696969696,0.0009123276043903543,0.0114252186899936,0.47368421052631576,0.0,0.0,0.010752688172043008,0.21875,0.026058631921824105,0.016260162601626018,0.06185567010309278,0.10344827586206896,0.017021276595744685,0.0,0.019736842105263157,0
0.33333333333333337,0.7704918032786885,0.16666666666666666,0.0,0.41463414634146345,0.7735849056603773,0.7704918032786885,0.14583333333333331,0.7,0.33000000000000007,0.35000000000000003,0.13402061855670105,0.8471074380165289,0.8684210526315789,0.69,0.9228070175438596,0.0,0.6885245901639344,0.86,0.37671650900213616,0.9999999999999999,0.8713024101751486,0.6656976744186047,0.7552542372881357,0.0,0.871302450214976,0.6660026766491457,0.6736842105263157,0.7704918032786885,0.7924528301886792,0.849462365591398,0.17187500000000003,0.7068403908794788,0.7897793263646923,0.4536082474226804,0.7931034482758621,0.7425531914893617,0.23057142857142857,0.8651315789473684,1
0.009523809523809525,0.0,0.05555555555555555,0.05263157894736842,0.0,0.0,0.0,0.09375000000000001,0.0,0.0,0.0,0.48453608247422686,0.008264462809917356,0.0,0.0,0.042105263157894736,0.0,0.03278688524590164,1.0,0.09086054317973757,0.048320850446967864,0.0009656041185878154,0.011627906976744188,0.018305084745762715,0.18181818181818182,0.0009655134356848973,0.011760769633609405,0.47368421052631576,0.0,0.0,0.010752688172043008,0.125,0.017915309446254073,0.018583042973286876,0.07216494845360824,0.24137931034482762,0.029787234042553193,0.09528571428571428,0.04276315789473684,0
0.06666666666666668,0.18032786885245902,0.1111111111111111,0.0,0.14634146341463417,0.18867924528301885,0.18032786885245902,0.23958333333333337,0.18000000000000002,0.20000000000000018,0.10000000000000002,0.20618556701030932,0.20661157024793392,0.13157894736842105,0.42,0.16140350877192983,0.2,0.13114754098360656,0.62,0.25823924321025327,0.4588870097447048,0.13511924899756717,0.22093023255813954,0.2684745762711864,0.015151515151515152,0.13511923972941664,0.22142192136858238,0.43157894736842106,0.18032786885245902,0.18867924528301885,0.20967741935483872,0.21875,0.3127035830618893,0.23693379790940766,0.32989690721649484,0.5862068965517242,0.15106382978723404,0.38957142857142857,0.1513157894736842,1
0.08571428571428572,0.1639344262295082,0.1111111111111111,0.2631578947368421,0.07317073170731708,0.16037735849056603,0.16393442622950818,0.22916666666666669,0.14,0.3799999999999999,0.15000000000000002,0.309278350515464,0.15289256198347106,0.18421052631578946,0.64,0.1368421052631579,0.6000000000000001,0.0819672131147541,0.42,0.28166005492828805,0.2155915277442216,0.0340334332118927,0.11627906976744187,0.1430508474576271,0.045454545454545456,0.034033304858643684,0.11504160443780671,0.6526315789473685,0.1639344262295082,0.16037735849056603,0.14516129032258066,0.234375,0.11237785016286646,0.16492450638792103,0.25773195876288657,0.6206896551724138,0.13617021276595745,0.36357142857142855,0.14473684210526316,1
0.09523809523809525,0.0819672131147541,0.1111111111111111,0.0,0.0894308943089431,0.09433962264150944,0.0819672131147541,0.26041666666666663,0.09999999999999999,0.0,0.0,0.11340206185567014,0.08677685950413223,0.10526315789473684,0.67,0.07719298245614035,0.0,0.0,0.0,0.2072779981690571,0.12635902391882098,0.009675181629498373,0.055232558139534885,0.06847457627118644,0.07575757575757576,0.009675101733785491,0.05341660686230774,0.6947368421052631,0.08196721311475409,0.09433962264150944,0.08602150537634409,0.1875,0.06026058631921824,0.0743321718931475,0.2061855670103093,0.5517241379310345,0.09148936170212767,0.44899999999999995,0.07236842105263158,1
0.2285714285714286,0.13114754098360656,0.16666666666666666,0.0,0.21951219512195125,0.14150943396226415,0.13114754098360656,0.06250000000000001,0.14,0.1299999999999999,0.10000000000000002,0.27835051546391754,0.18181818181818182,0.0,0.0,0.35789473684210527,0.0,0.13114754098360656,0.8,0.30744583460482156,0.4324716115003624,0.1402083278960893,0.24418604651162792,0.2888135593220339,0.015151515151515152,0.14020819802410098,0.24351009562232093,0.05263157894736842,0.13114754098360656,0.14150943396226415,0.19354838709677422,0.046875,0.2719869706840391,0.30081300813008127,0.35051546391752575,0.6896551724137931,0.325531914893617,0.29442857142857143,0.3355263157894736,1
0.0380952380952381,0.03278688524590164,0.0,0.0,0.016260162601626018,0.03773584905660378,0.03278688524590164,0.30208333333333337,0.039999999999999994,0.0,0.0,0.22680412371134023,0.0371900826446281,0.05263157894736842,0.67,0.03508771929824561,0.2,0.03278688524590164,0.5,0.09078425389075376,0.15704276395264555,0.0076527587914034115,0.03488372093023256,0.04949152542372882,0.06060606060606061,0.0076527694933332556,0.03432414609073453,0.736842105263158,0.032786885245901634,0.03773584905660378,0.03763440860215053,0.265625,0.05700325732899023,0.04413472706155633,0.1134020618556701,0.3793103448275862,0.03404255319148936,0.20414285714285713,0.03289473684210526,1
0.18095238095238098,0.0819672131147541,0.16666666666666666,0.5789473684210527,0.15447154471544716,0.09433962264150944,0.0819672131147541,0.06250000000000001,0.09999999999999999,0.0,0.05,0.26804123711340205,0.12396694214876035,0.0,0.0,0.1929824561403509,0.0,0.0819672131147541,0.71,0.8278150747635032,0.18949826850285897,0.07193669502988632,0.2761627906976744,0.29491525423728815,0.045454545454545456,0.07193665041080155,0.27560951956087437,0.09473684210526317,0.08196721311475409,0.09433962264150944,0.13440860215053765,0.046875,0.3485342019543974,0.2566782810685249,0.7422680412371134,0.48275862068965514,0.22127659574468084,0.4925714285714285,0.21710526315789472,0
0.009523809523809525,0.0,0.0,0.0,0.008130081300813009,0.0,0.0,0.6562500000000001,0.0,0.0,0.0,0.48453608247422686,0.004132231404958678,0.0,0.0,0.003508771929824561,0.6000000000000001,0.03278688524590164,1.0,0.04241684467500764,0.03140855279052912,0.0003081631591921385,0.005813953488372094,0.008813559322033898,0.27272727272727276,0.0003080421696479171,0.004927555908993929,0.47368421052631576,0.0,0.0,0.005376344086021501,0.40624999999999994,0.013029315960912053,0.005807200929152149,0.041237113402061855,0.10344827586206896,0.006382978723404256,0.35714285714285715,0.003289473684210526,0
0.08571428571428572,0.06557377049180328,0.16666666666666666,0.0,0.2682926829268293,0.07547169811320754,0.06557377049180327,0.22916666666666669,0.08,0.0,0.05,0.309278350515464,0.09504132231404959,0.0,0.0,0.0736842105263158,0.4,0.0819672131147541,0.83,0.10810192249008241,0.31199162438592254,0.03183068883935456,0.07558139534883722,0.10101694915254238,0.015151515151515152,0.031830540139328733,0.07533215664216306,0.12631578947368421,0.06557377049180328,0.07547169811320754,0.1021505376344086,0.09375,0.12214983713355049,0.0859465737514518,0.16494845360824742,0.5172413793103449,0.13617021276595745,0.8418571428571429,0.06907894736842105,1
0.0,0.0,0.0,0.0,0.008130081300813009,0.0,0.0,0.14583333333333331,0.0,0.0,0.0,0.48453608247422686,0.004132231404958678,0.0,0.0,0.031578947368421054,0.2,0.03278688524590164,1.0,0.08361306072627403,0.04880405895143754,0.0009273938230783248,0.011627906976744188,0.016949152542372885,0.18181818181818182,0.0009273938978969996,0.01117113098124406,0.47368421052631576,0.0,0.0,0.005376344086021501,0.17187500000000003,0.016286644951140065,0.01742160278745645,0.07216494845360824,0.27586206896551724,0.021276595744680854,0.119,0.02960526315789474,0
0.009523809523809525,0.03278688524590164,0.05555555555555555,0.0,0.0,0.028301886792452827,0.03278688524590164,0.5520833333333334,0.02,0.5,0.05,0.48453608247422686,0.028925619834710745,0.05263157894736842,0.67,0.017543859649122806,0.2,0.04918032786885246,0.75,0.043027158986878256,0.0926149633566884,0.0018576819071255656,0.014534883720930234,0.019661016949152545,0.10606060606060606,0.00185769214153022,0.013055453187733965,0.736842105263158,0.032786885245901634,0.028301886792452827,0.02688172043010753,0.578125,0.021172638436482084,0.018583042973286876,0.06185567010309278,0.3448275862068966,0.01276595744680851,0.0,0.01644736842105263,0
0.05714285714285715,0.03278688524590164,0.38888888888888884,0.10526315789473684,0.04878048780487805,0.03773584905660378,0.03278688524590164,0.031250000000000014,0.039999999999999994,0.0,0.15000000000000002,1.0,0.10743801652892564,0.0,0.0,0.18596491228070178,0.4,0.06557377049180328,1.0,0.41600549282880683,0.1472175243617621,0.023601346874091256,0.11337209302325582,0.14915254237288136,0.06060606060606061,0.02360125801735564,0.11404174020986484,0.21052631578947367,0.032786885245901634,0.03773584905660378,0.12903225806451613,0.046875,0.14332247557003258,0.15331010452961671,0.26804123711340205,0.3103448275862069,0.14255319148936169,0.1814285714285714,0.18092105263157895,0
0.6761904761904762,0.13114754098360656,0.5,1.0,0.5121951219512195,0.14150943396226415,0.13114754098360656,0.06250000000000001,0.14,0.1299999999999999,0.25000000000000006,0.5876288659793815,0.15289256198347106,0.05263157894736842,0.22,0.26666666666666666,0.0,0.14754098360655737,0.9,0.469179127250534,0.25014093581380364,0.07142443100745412,0.2122093023255814,0.2440677966101695,0.030303030303030304,0.07142439643157561,0.21022654537696145,0.2631578947368421,0.13114754098360656,0.14150943396226415,0.15591397849462366,0.015625,0.22638436482084692,0.2566782810685249,0.43298969072164945,0.5862068965517242,0.48723404255319147,0.7321428571428571,0.31249999999999994,1
0.04761904761904762,0.0,0.0,0.0,0.024390243902439025,0.0,0.0,0.26041666666666663,0.0,0.0,0.0,0.48453608247422686,0.004132231404958678,0.0,0.0,0.017543859649122806,0.0,0.03278688524590164,1.0,0.15601159597192557,0.02416042522348393,0.0005143111826297227,0.011627906976744188,0.016949152542372885,0.3181818181818182,0.0005142507169195929,0.01047384448280544,0.47368421052631576,0.0,0.0,0.005376344086021501,0.140625,0.02280130293159609,0.012775842044134726,0.09278350515463916,0.10344827586206896,0.02765957446808511,0.42857142857142855,0.01644736842105263,0
0.14285714285714288,0.14754098360655737,0.2777777777777778,0.0,0.13008130081300814,0.16981132075471697,0.14754098360655737,0.11458333333333333,0.18000000000000002,0.0,0.4,0.8144329896907216,0.1859504132231405,0.07894736842105263,0.3,0.25263157894736843,0.0,0.14754098360655737,0.82,0.35848336893500155,0.2657646774583233,0.06279162704621728,0.1744186046511628,0.20203389830508475,0.030303030303030304,0.06279159177387635,0.17428671179471267,0.32631578947368417,0.1475409836065574,0.16981132075471697,0.19354838709677422,0.109375,0.19381107491856678,0.20789779326364694,0.40206185567010305,0.6896551724137931,0.21914893617021275,0.254,0.23684210526315788,0
0.009523809523809525,0.14754098360655737,0.2777777777777778,0.0,0.0,0.1509433962264151,0.14754098360655737,0.36458333333333337,0.14,0.25,0.30000000000000004,0.6288659793814434,0.14462809917355374,0.21052631578947367,0.8,0.0912280701754386,0.2,0.18032786885245902,1.0,0.15105279218797682,0.24273173874526854,0.025354684118340947,0.07848837209302327,0.10237288135593221,0.030303030303030304,0.025354575233990432,0.07632717186802956,0.8105263157894735,0.1475409836065574,0.1509433962264151,0.13978494623655915,0.5,0.10749185667752444,0.09872241579558652,0.1752577319587629,0.48275862068965514,0.0574468085106383,0.0,0.08552631578947367,0
0.009523809523809525,0.0,0.0,0.0,0.0,0.0,0.0,0.1875,0.0,0.0,0.0,0.48453608247422686,0.004132231404958678,0.0,0.0,0.02456140350877193,0.4,0.03278688524590164,1.0,0.041882819652120845,0.0664411693645808,0.0010250826941789937,0.011627906976744188,0.015593220338983053,0.13636363636363635,0.0010250525232774236,0.009454584246562057,0.47368421052631576,0.0,0.0,0.005376344086021501,0.21875,0.01954397394136808,0.012775842044134726,0.051546391752577324,0.20689655172413796,0.017021276595744685,0.0,0.023026315789473683,1
0.09523809523809525,0.0819672131147541,0.05555555555555555,0.05263157894736842,0.0894308943089431,0.08490566037735849,0.0819672131147541,0.19791666666666669,0.08,0.20000000000000018,0.10000000000000002,0.4123711340206186,0.08677685950413223,0.0,0.0,0.09824561403508773,0.0,0.11475409836065574,1.0,0.1512816600549283,0.1650962390271402,0.01226740075074911,0.05232558139534884,0.06779661016949153,0.06060606060606061,0.012267411824971057,0.052900673041488065,0.09473684210526317,0.08196721311475409,0.08490566037735849,0.08602150537634409,0.15625,0.07003257328990228,0.06620209059233449,0.1958762886597938,0.5862068965517242,0.10638297872340426,0.40814285714285714,0.09539473684210525,0
0.0,0.0,0.0,0.0,0.0,0.0,0.0,0.37500000000000006,0.0,0.0,0.0,0.48453608247422686,0.004132231404958678,0.0,0.0,0.010526315789473682,0.0,0.03278688524590164,1.0,0.0657613671040586,0.008053475074494644,7.580543450642404e-05,0.002906976744186047,0.0047457627118644066,0.5909090909090909,7.569451075025422e-05,0.00260585371530539,0.47368421052631576,0.0,0.0,0.005376344086021501,0.40624999999999994,0.00488599348534202,0.004645760743321718,0.030927835051546393,0.06896551724137932,0.006382978723404256,0.0,0.009868421052631578,0
0.13333333333333336,0.1721311475409836,0.4444444444444444,0.0,0.11382113821138212,0.12264150943396226,0.21311475409836067,0.21875,0.12000000000000001,0.14000000000000012,0.4,0.5876288659793815,0.18181818181818182,0.05263157894736842,0.14,0.2,0.0,0.14754098360655737,0.6,0.31591394568202624,0.15841185471530966,0.021115146448193196,0.09593023255813954,0.10711864406779661,0.06060606060606061,0.021115138067150655,0.0951936691428904,0.15789473684210525,0.11475409836065574,0.12264150943396226,0.16666666666666669,0.21875,0.0993485342019544,0.11265969802555169,0.41237113402061853,0.8620689655172413,0.18085106382978722,0.27399999999999997,0.1875,1
0.01904761904761905,0.04918032786885246,0.0,0.0,0.0,0.04716981132075472,0.049180327868852465,0.28125,0.039999999999999994,0.33000000000000007,0.0,0.17525773195876293,0.04132231404958678,0.05263157894736842,0.5,0.04912280701754386,0.4,0.0819672131147541,1.0,0.20346353371986575,0.1389224450350326,0.011335378127027118,0.058139534883720936,0.07661016949152542,0.06060606060606061,0.011335298365252698,0.05742479197781097,0.5789473684210527,0.04918032786885246,0.04716981132075472,0.03763440860215053,0.34375,0.07980456026058633,0.0743321718931475,0.1958762886597938,0.4137931034482759,0.03404255319148936,0.0,0.046052631578947366,0
0.1619047619047619,0.03278688524590164,0.1111111111111111,0.8421052631578947,0.2601626016260163,0.03773584905660378,0.03278688524590164,0.010416666666666671,0.039999999999999994,0.0,0.0,0.22680412371134023,0.09090909090909091,0.0,0.0,0.23157894736842105,0.0,0.06557377049180328,1.0,0.5215135794934391,0.29201900620117577,0.10591802145980553,0.27034883720930236,0.31661016949152543,0.030303030303030304,0.10591804008941029,0.26903718214791394,0.21052631578947367,0.032786885245901634,0.03773584905660378,0.10752688172043012,0.0,0.30944625407166126,0.321718931475029,0.43298969072164945,0.48275862068965514,0.27872340425531916,0.5911428571428572,0.2697368421052631,0
0.01904761904761905,0.03278688524590164,0.0,0.10526315789473684,0.0,0.03773584905660378,0.03278688524590164,0.14583333333333331,0.039999999999999994,0.0,0.0,0.22680412371134023,0.0371900826446281,0.0,0.0,0.06315789473684211,0.0,0.03278688524590164,0.5,0.09482758620689657,0.14592896834984295,0.006879456632454149,0.03488372093023256,0.04542372881355933,0.06060606060606061,0.006879305919455957,0.03301103632872355,0.21052631578947367,0.032786885245901634,0.03773584905660378,0.03763440860215053,0.1875,0.04723127035830619,0.04413472706155633,0.12371134020618556,0.48275862068965514,0.04680851063829788,0.12985714285714284,0.06578947368421054,0
0.17142857142857143,0.3524590163934427,0.1111111111111111,0.3157894736842105,0.1951219512195122,0.2830188679245283,0.3934426229508197,0.1875,0.24000000000000002,0.45999999999999996,0.7,0.5670103092783505,0.3057851239669422,0.5789473684210527,0.88,0.3929824561403509,0.0,0.39344262295081966,0.92,0.28738175160207513,0.4529274381895788,0.1445505866193011,0.24127906976744187,0.26508474576271185,0.015151515151515152,0.1445505579429681,0.23999941811975098,0.8736842105263158,0.29508196721311475,0.29245283018867924,0.26881720430107525,0.203125,0.2687296416938111,0.2624854819976771,0.46391752577319584,1.0,0.3404255319148936,0.29757142857142854,0.3881578947368421,1
0.21904761904761907,0.04918032786885246,0.1111111111111111,0.0,0.0894308943089431,0.05660377358490566,0.049180327868852465,0.125,0.06,0.0,0.10000000000000002,0.5876288659793815,0.05371900826446281,0.05263157894736842,0.5,0.10175438596491229,0.0,0.06557377049180328,0.8,0.21429661275556913,0.16106950148989288,0.015568824739247256,0.06976744186046512,0.09152542372881357,0.06060606060606061,0.01556874531901152,0.06891595709602964,0.5789473684210527,0.04918032786885246,0.05660377358490566,0.05376344086021506,0.046875,0.06840390879478828,0.10801393728222997,0.1752577319587629,0.5172413793103449,0.1723404255319149,0.37414285714285717,0.09539473684210525,1
0.06666666666666668,0.09836065573770493,0.1111111111111111,0.0,0.07317073170731708,0.10377358490566038,0.09836065573770492,0.23958333333333337,0.09999999999999999,0.16999999999999993,0.10000000000000002,0.3608247422680413,0.1115702479338843,0.0,0.0,0.09824561403508773,0.2,0.0819672131147541,0.63,0.1501373207201709,0.22952403962309736,0.02268995720487241,0.07267441860465117,0.0928813559322034,0.030303030303030304,0.02268983802100786,0.07199701301472158,0.08421052631578949,0.09836065573770492,0.10377358490566038,0.11290322580645162,0.21875,0.09609120521172639,0.09059233449477352,0.1958762886597938,0.5862068965517242,0.09361702127659575,0.3297142857142857,0.09210526315789475,1
0.009523809523809525,0.0,0.0,0.0,0.0,0.0,0.0,0.1875,0.0,0.0,0.0,0.48453608247422686,0.004132231404958678,0.0,0.0,0.02456140350877193,0.4,0.03278688524590164,1.0,0.050961245041196215,0.10566159297736973,0.0025791293974261613,0.01744186046511628,0.024406779661016953,0.09090909090909091,0.002579059013764058,0.016262583160385594,0.47368421052631576,0.0,0.0,0.005376344086021501,0.21875,0.027687296416938113,0.022067363530778164,0.07216494845360824,0.3448275862068966,0.017021276595744685,0.0,0.023026315789473683,1
0.0,0.0,0.0,0.0,0.0,0.0,0.0,1.0,0.0,0.0,0.0,0.48453608247422686,0.0,0.0,0.0,0.0,0.0,0.0,0.0,0.0,0.0,0.0,0.0,0.0,1.0,0.0,0.0,0.47368421052631576,0.0,0.0,0.0,0.734375,0.0,0.0,0.0,0.0,0.0,0.0,0.0,0
0.009523809523809525,0.04918032786885246,0.16666666666666666,0.0,0.0,0.05660377358490566,0.049180327868852465,0.15625,0.06,0.0,0.15000000000000002,0.7938144329896909,0.07024793388429752,0.10526315789473684,1.0,0.08771929824561404,0.0,0.06557377049180328,0.8,0.18172108635947515,0.07417250543609567,0.0033576049218006993,0.029069767441860468,0.04,0.1212121212121212,0.003357605192679742,0.029492600422832985,1.0,0.04918032786885246,0.05660377358490566,0.07526881720430108,0.21875,0.04071661237785017,0.03948896631823461,0.16494845360824742,0.3793103448275862,0.05531914893617021,0.0,0.08223684210526316,1
0.05714285714285715,0.13934426229508198,0.05555555555555555,0.05263157894736842,0.032520325203252036,0.0660377358490566,0.18032786885245902,0.38541666666666663,0.039999999999999994,1.0,0.30000000000000004,0.5257731958762888,0.10743801652892564,0.15789473684210525,0.5,0.10175438596491229,0.0,0.13114754098360656,0.62,0.17516020750686606,0.14093581380365627,0.010287010246167889,0.05232558139534884,0.06576271186440678,0.06060606060606061,0.010287011076085508,0.05135190177861396,0.5157894736842106,0.08196721311475409,0.0660377358490566,0.08064516129032259,0.421875,0.06026058631921824,0.06968641114982578,0.1958762886597938,0.5862068965517242,0.0851063829787234,0.19842857142857143,0.09868421052631579,1
0.13333333333333336,0.016393442622950824,0.5,0.21052631578947367,0.13008130081300814,0.018867924528301886,0.016393442622950817,0.05208333333333333,0.02,0.0,0.0,0.309278350515464,0.0743801652892562,0.0,0.0,0.10175438596491229,0.0,0.04918032786885246,1.0,0.7018614586512054,0.04936780220665217,0.005704558116135015,0.07267441860465117,0.08745762711864408,0.18181818181818182,0.0057044980691546504,0.07126093449967998,0.29473684210526313,0.01639344262295082,0.018867924528301886,0.0913978494623656,0.015625,0.09283387622149837,0.08362369337979095,0.38144329896907214,0.24137931034482762,0.13404255319148936,0.5602857142857143,0.10855263157894737,0
0.0761904761904762,0.03278688524590164,0.05555555555555555,0.0,0.04878048780487805,0.03773584905660378,0.03278688524590164,0.17708333333333331,0.039999999999999994,0.0,0.05,0.48453608247422686,0.045454545454545456,0.0,0.0,0.05964912280701754,0.0,0.06557377049180328,1.0,0.21658529142508395,0.09825239590883465,0.006366254748453628,0.0436046511627907,0.056949152542372886,0.09090909090909091,0.0063661443321874475,0.04401148243691448,0.21052631578947367,0.032786885245901634,0.03773584905660378,0.04838709677419355,0.125,0.06677524429967427,0.04994192799070848,0.2268041237113402,0.4137931034482759,0.06595744680851064,0.34285714285714286,0.05592105263157895,0
0.0380952380952381,0.04918032786885246,0.0,0.0,0.032520325203252036,0.05660377358490566,0.049180327868852465,0.15625,0.06,0.0,0.0,0.17525773195876293,0.04132231404958678,0.0,0.0,0.08421052631578949,0.2,0.0819672131147541,1.0,0.09375953616112301,0.2027059676250302,0.01262659164688451,0.04651162790697675,0.06983050847457628,0.045454545454545456,0.01262646156661135,0.044802839575615344,0.15789473684210525,0.04918032786885246,0.05660377358490566,0.03763440860215053,0.17187500000000003,0.06351791530944625,0.0743321718931475,0.08247422680412371,0.3103448275862069,0.06808510638297872,0.19042857142857142,0.07894736842105263,0
0.0,0.0,0.0,0.0,0.0,0.0,0.0,0.6562500000000001,0.0,0.0,0.0,0.48453608247422686,0.0,0.0,0.0,0.003508771929824561,0.2,0.03278688524590164,1.0,0.023115654562099477,0.06040106305870982,0.0006711861778647809,0.00872093023255814,0.01152542372881356,0.1515151515151515,0.0006710853866755153,0.006524817192621759,0.47368421052631576,0.0,0.0,0.0,0.578125,0.008143322475570033,0.013937282229965157,0.02061855670103093,0.20689655172413796,0.0021276595744680847,0.0,0.003289473684210526,1
0.0761904761904762,0.19672131147540986,0.05555555555555555,0.0,0.1626016260162602,0.22641509433962265,0.19672131147540983,0.3333333333333333,0.24000000000000002,0.0,0.15000000000000002,0.26804123711340205,0.2603305785123967,0.0,0.0,0.1298245614035088,1.0,0.18032786885245902,0.79,0.20483674092157464,0.3139244584038012,0.05316900600267708,0.125,0.1694915254237288,0.015151515151515152,0.053168949784951354,0.12557363694551663,0.02105263157894738,0.19672131147540986,0.22641509433962265,0.27419354838709675,0.265625,0.2214983713355049,0.13240418118466898,0.21649484536082475,0.3448275862068966,0.1382978723404255,0.48428571428571426,0.12171052631578946,1
0.10476190476190478,0.04918032786885246,0.16666666666666666,0.0,0.0975609756097561,0.05660377358490566,0.049180327868852465,0.13541666666666669,0.06,0.0,0.05,0.38144329896907225,0.06198347107438017,0.05263157894736842,0.5,0.09473684210526316,0.0,0.0,0.0,0.2117790662191029,0.13094950471128292,0.010515313988590522,0.058139534883720936,0.0711864406779661,0.07575757575757576,0.010515183737987354,0.056225148864363715,0.5789473684210527,0.04918032786885246,0.05660377358490566,0.06451612903225806,0.09375,0.06840390879478828,0.07317073170731707,0.2268041237113402,0.5517241379310345,0.10638297872340426,0.41814285714285715,0.08881578947368421,0
0.009523809523809525,0.04918032786885246,0.0,0.0,0.0,0.05660377358490566,0.049180327868852465,0.1875,0.06,0.0,0.0,0.17525773195876293,0.06611570247933884,0.0,0.0,0.0736842105263158,0.4,0.0819672131147541,1.0,0.2419133353677144,0.15494886043327694,0.016053719339137157,0.07558139534883722,0.09966101694915255,0.06060606060606061,0.016053589535351877,0.07372519735438449,0.15789473684210525,0.04918032786885246,0.05660377358490566,0.06989247311827958,0.25,0.10749185667752444,0.09407665505226481,0.2061855670103093,0.3448275862068966,0.04680851063829788,0.0,0.06907894736842105,0
0.04761904761904762,0.016393442622950824,0.0,0.0,0.05691056910569106,0.018867924528301886,0.016393442622950817,0.17708333333333331,0.02,0.0,0.0,0.309278350515464,0.01652892561983471,0.0,0.0,0.042105263157894736,0.4,0.01639344262295082,0.33,0.08132438205675924,0.041636466135137315,0.000704616404735713,0.011627906976744188,0.01627118644067797,0.2121212121212121,0.0007044853626420542,0.00956320189305041,0.29473684210526313,0.01639344262295082,0.018867924528301886,0.016129032258064516,0.125,0.014657980456026058,0.01742160278745645,0.051546391752577324,0.1724137931034483,0.05106382978723405,0.4761428571428571,0.039473684210526314,1
0.0380952380952381,0.016393442622950824,0.05555555555555555,0.0,0.016260162601626018,0.009433962264150945,0.016393442622950817,0.13541666666666669,0.0,1.0,0.05,0.6597938144329898,0.02066115702479339,0.05263157894736842,1.0,0.056140350877192984,0.2,0.04918032786885246,1.0,0.10817821177906625,0.1144398808085689,0.004843117138829209,0.029069767441860468,0.04203389830508475,0.07575757575757576,0.00484299651514816,0.02894757258956107,1.0,0.01639344262295082,0.009433962264150945,0.021505376344086023,0.140625,0.04560260586319218,0.03948896631823461,0.1134020618556701,0.3448275862068966,0.04680851063829788,0.14285714285714285,0.05263157894736842,0
0.0,0.0,0.0,0.0,0.0,0.0,0.0,0.11458333333333333,0.0,0.0,0.0,0.48453608247422686,0.004132231404958678,0.0,0.0,0.03859649122807018,0.4,0.03278688524590164,1.0,0.10978028684772659,0.07248127567045179,0.002180457554624184,0.020348837209302327,0.03322033898305085,0.13636363636363635,0.002180437561467755,0.01930581686288962,0.47368421052631576,0.0,0.0,0.005376344086021501,0.15625,0.03745928338762215,0.030197444831591175,0.07216494845360824,0.13793103448275862,0.023404255319148935,0.0,0.036184210526315784,0
0.028571428571428574,0.04918032786885246,0.0,0.0,0.016260162601626018,0.05660377358490566,0.049180327868852465,0.4791666666666667,0.06,0.0,0.0,0.17525773195876293,0.06611570247933884,0.0,0.0,0.02807017543859649,0.6000000000000001,0.06557377049180328,0.8,0.11130607262740314,0.10324555045502133,0.00410664369436943,0.029069767441860468,0.04203389830508475,0.09090909090909091,0.004106563349407677,0.02688771650794267,0.15789473684210525,0.04918032786885246,0.05660377358490566,0.06989247311827958,0.40624999999999994,0.055374592833876225,0.032520325203252036,0.10309278350515463,0.20689655172413796,0.02765957446808511,0.23814285714285716,0.02631578947368421,1
0.01904761904761905,0.03278688524590164,0.0,0.3684210526315789,0.0,0.03773584905660378,0.03278688524590164,0.06250000000000001,0.039999999999999994,0.0,0.0,0.22680412371134023,0.04132231404958678,0.0,0.0,0.11578947368421054,0.0,0.04918032786885246,0.75,0.4823008849557522,0.15704276395264555,0.030474177968369178,0.13953488372093023,0.16610169491525423,0.06060606060606061,0.030474029158905108,0.13883274822041625,0.21052631578947367,0.032786885245901634,0.03773584905660378,0.043010752688172046,0.09375,0.1986970684039088,0.14285714285714285,0.41237113402061853,0.3793103448275862,0.08936170212765958,0.23814285714285716,0.13157894736842105,0
0.0761904761904762,0.0,0.05555555555555555,0.2631578947368421,0.06504065040650407,0.0,0.0,0.0,0.0,0.0,0.0,0.48453608247422686,0.06611570247933884,0.0,0.0,0.14385964912280702,0.0,0.03278688524590164,1.0,0.4909978638999084,0.2117258597084642,0.054282308191476565,0.18895348837209305,0.2311864406779661,0.045454545454545456,0.05428222180996649,0.18708128867079157,0.47368421052631576,0.0,0.0,0.08602150537634409,0.0,0.20358306188925082,0.2508710801393728,0.34020618556701027,0.4137931034482759,0.13191489361702127,0.3315714285714286,0.1513157894736842,0
0.009523809523809525,0.0819672131147541,0.0,0.3157894736842105,0.0,0.09433962264150944,0.0819672131147541,0.2708333333333333,0.09999999999999999,0.0,0.0,0.11340206185567014,0.09504132231404959,0.0,0.0,0.05263157894736842,0.4,0.06557377049180328,0.57,0.06850778150747636,0.2991060642667311,0.021528410610235665,0.05232558139534884,0.0752542372881356,0.030303030303030304,0.02152828124812806,0.05283957561533837,0.09473684210526317,0.08196721311475409,0.09433962264150944,0.09677419354838711,0.375,0.07980456026058633,0.07200929152148665,0.10309278350515463,0.48275862068965514,0.04680851063829788,0.3727142857142857,0.06907894736842105,0
0.009523809523809525,0.0,0.05555555555555555,0.05263157894736842,0.0,0.0,0.0,0.11458333333333333,0.0,0.0,0.0,0.48453608247422686,0.008264462809917356,0.0,0.0,0.03508771929824561,0.0,0.03278688524590164,1.0,0.07720476045163259,0.04542159942014978,0.0007828622962263799,0.011627906976744188,0.015593220338983053,0.19696969696969696,0.0007827211759115017,0.009926877048703377,0.47368421052631576,0.0,0.0,0.010752688172043008,0.15625,0.014657980456026058,0.016260162601626018,0.06185567010309278,0.24137931034482762,0.025531914893617023,0.10985714285714286,0.036184210526315784,0
0.0,0.0,0.05555555555555555,0.0,0.0,0.0,0.0,0.11458333333333333,0.0,0.0,0.05,1.0,0.008264462809917356,0.0,0.0,0.03859649122807018,0.6000000000000001,0.03278688524590164,1.0,0.05508086664632286,0.09148747684625914,0.0020808627067878875,0.014534883720930234,0.023050847457627123,0.10606060606060606,0.0020807821983936793,0.014878677968074171,0.47368421052631576,0.0,0.0,0.010752688172043008,0.15625,0.02280130293159609,0.023228803716608595,0.06185567010309278,0.3103448275862069,0.025531914893617023,0.0,0.036184210526315784,0
0.05714285714285715,0.016393442622950824,0.05555555555555555,0.21052631578947367,0.024390243902439025,0.018867924528301886,0.016393442622950817,0.16666666666666669,0.02,0.0,0.0,0.309278350515464,0.024793388429752067,0.0,0.0,0.031578947368421054,0.2,0.04918032786885246,1.0,0.10932255111382363,0.10308448095353144,0.0040417295554951655,0.02616279069767442,0.04067796610169492,0.09090909090909091,0.0040415786135597365,0.026486219136101795,0.29473684210526313,0.01639344262295082,0.018867924528301886,0.02688172043010753,0.140625,0.04071661237785017,0.04065040650406504,0.09278350515463916,0.27586206896551724,0.04680851063829788,0.5555714285714286,0.04276315789473684,0
0.04761904761904762,0.18032786885245902,0.1111111111111111,0.0,0.1951219512195122,0.1792452830188679,0.18032786885245902,0.1875,0.16,0.33000000000000007,0.2,0.3608247422680413,0.19421487603305787,0.18421052631578946,0.58,0.20350877192982458,0.4,0.21311475409836067,1.0,0.10253280439426304,0.712732544092776,0.15328630323972883,0.16279069767441862,0.2223728813559322,0.0,0.15328628535269467,0.16302732897569683,0.5999999999999999,0.18032786885245902,0.1792452830188679,0.19354838709677422,0.17187500000000003,0.25895765472312704,0.19628339140534262,0.15463917525773196,0.5172413793103449,0.1851063829787234,0.40814285714285714,0.19078947368421054,1
0.06666666666666668,0.0,0.2222222222222222,0.05263157894736842,0.04878048780487805,0.0,0.0,0.05208333333333333,0.0,0.0,0.05,1.0,0.02066115702479339,0.0,0.0,0.07017543859649124,0.0,0.03278688524590164,1.0,0.29882514494964907,0.16171377949585244,0.020887891497201803,0.0930232558139535,0.12135593220338985,0.06060606060606061,0.020887873013291376,0.09236088213045757,0.47368421052631576,0.0,0.0,0.02688172043010753,0.03125,0.13355048859934854,0.11265969802555169,0.24742268041237112,0.3448275862068966,0.0723404255319149,0.34485714285714286,0.06907894736842105,0
0.13333333333333336,0.0819672131147541,0.16666666666666666,0.15789473684210525,0.13821138211382114,0.09433962264150944,0.0819672131147541,0.06250000000000001,0.09999999999999999,0.0,0.2,0.7010309278350516,0.10330578512396695,0.0,0.0,0.22456140350877193,0.0,0.11475409836065574,1.0,0.33941104668904487,0.3169847789321092,0.08386298645215601,0.19767441860465118,0.23389830508474577,0.015151515151515152,0.08386298313337517,0.19664449056384198,0.09473684210526317,0.08196721311475409,0.09433962264150944,0.10752688172043012,0.06250000000000001,0.21009771986970685,0.2508710801393728,0.35051546391752575,0.6551724137931034,0.20851063829787234,0.3322857142857143,0.22039473684210525,0
1.0,1.0000000000000002,0.8888888888888888,1.0,1.0,0.9339622641509434,1.0,0.22916666666666669,0.76,0.5899999999999999,0.4,0.11340206185567014,0.9008264462809917,0.9210526315789473,0.56,0.7824561403508772,0.0,1.0,0.97,0.6322093378089717,0.7385036643311589,0.7726443852002782,0.7965116279069768,0.8223728813559323,0.0,0.7726443668580751,0.7964679868882985,0.5473684210526315,1.0,0.9339622641509434,0.8440860215053765,0.15625,0.752442996742671,0.8722415795586528,0.7835051546391752,0.9655172413793103,1.0,0.5527142857142857,0.7960526315789473,1
0.21904761904761907,0.09836065573770493,0.16666666666666666,0.5263157894736842,0.21951219512195125,0.11320754716981132,0.09836065573770492,0.05208333333333333,0.12000000000000001,0.0,0.05,0.22680412371134023,0.14049586776859507,0.0,0.0,0.25614035087719295,0.0,0.0819672131147541,0.63,1.0000000000000002,0.20818233067568656,0.10286508036424849,0.3604651162790698,0.36474576271186443,0.045454545454545456,0.10286502815581669,0.3609975367069457,0.08421052631578949,0.09836065573770492,0.11320754716981132,0.15053763440860216,0.046875,0.43485342019543977,0.3147502903600464,1.0,0.5862068965517242,0.28297872340425534,0.472,0.2730263157894737,0
0.05714285714285715,0.09836065573770493,0.05555555555555555,0.0,0.016260162601626018,0.10377358490566038,0.09836065573770492,0.22916666666666669,0.09999999999999999,0.16999999999999993,0.05,0.22680412371134023,0.1115702479338843,0.05263157894736842,0.29,0.10175438596491229,0.4,0.06557377049180328,0.5,0.21582239853524568,0.21406136748006763,0.026724314966749884,0.09011627906976745,0.11525423728813561,0.045454545454545456,0.02672433729183556,0.09078980545803675,0.34736842105263155,0.09836065573770492,0.10377358490566038,0.11290322580645162,0.265625,0.1254071661237785,0.10801393728222997,0.24742268041237112,0.5172413793103449,0.07872340425531915,0.08657142857142856,0.09539473684210525,0
0.12380952380952381,0.06557377049180328,0.0,0.0,0.016260162601626018,0.07547169811320754,0.06557377049180327,0.32291666666666663,0.08,0.0,0.0,0.14432989690721654,0.07024793388429752,0.0,0.0,0.05263157894736842,0.2,0.0819672131147541,0.83,0.040128166005492835,0.2214705645486027,0.008971785453254782,0.029069767441860468,0.04271186440677967,0.030303030303030304,0.00897170550079452,0.02901545861861629,0.12631578947368421,0.06557377049180328,0.07547169811320754,0.06989247311827958,0.234375,0.04560260586319218,0.04065040650406504,0.07216494845360824,0.4482758620689655,0.06382978723404256,0.1504285714285714,0.04934210526315789,0
0.028571428571428574,0.016393442622950824,0.0,0.10526315789473684,0.05691056910569106,0.018867924528301886,0.016393442622950817,0.06250000000000001,0.02,0.0,0.0,0.309278350515464,0.02066115702479339,0.0,0.0,0.0912280701754386,0.4,0.04918032786885246,1.0,0.12267317668599331,0.2098735604413304,0.016391288996536125,0.058139534883720936,0.07593220338983052,0.045454545454545456,0.016391219727187545,0.05645693116356654,0.29473684210526313,0.01639344262295082,0.018867924528301886,0.021505376344086023,0.06250000000000001,0.07817589576547232,0.0743321718931475,0.15463917525773196,0.5172413793103449,0.08085106382978724,0.3474285714285714,0.09210526315789475,0
0.04761904761904762,0.016393442622950824,0.0,0.0,0.22764227642276424,0.018867924528301886,0.016393442622950817,0.21875,0.02,0.0,0.0,0.309278350515464,0.01652892561983471,0.0,0.0,0.03508771929824561,0.0,0.0,0.0,0.24382056759231005,0.06040106305870982,0.003033709891139887,0.03197674418604651,0.05084745762711865,0.1515151515151515,0.0030335891214826106,0.031769691797428085,0.29473684210526313,0.01639344262295082,0.018867924528301886,0.016129032258064516,0.046875,0.030944625407166124,0.06504065040650407,0.09278350515463916,0.20689655172413796,0.09148936170212767,1.0,0.03289473684210526,0
0.09523809523809525,0.04918032786885246,0.16666666666666666,0.0,0.0894308943089431,0.05660377358490566,0.049180327868852465,0.22916666666666669,0.06,0.0,0.05,0.38144329896907225,0.06198347107438017,0.05263157894736842,0.5,0.05964912280701754,0.0,0.0,0.0,0.17653341470857492,0.10920512201014737,0.006499299992226842,0.040697674418604654,0.05491525423728814,0.09090909090909091,0.0064991996712280625,0.040806292065093,0.5789473684210527,0.04918032786885246,0.05660377358490566,0.06451612903225806,0.140625,0.050488599348534204,0.05807200929152149,0.16494845360824742,0.4482758620689655,0.08085106382978724,0.5238571428571429,0.05592105263157895,0
0.2285714285714286,0.1721311475409836,0.0,0.15789473684210525,0.13821138211382114,0.03773584905660378,0.2950819672131148,0.17708333333333331,0.039999999999999994,0.0,0.0,0.020618556701030938,0.18181818181818182,0.0,0.0,0.31228070175438594,0.2,0.3278688524590164,1.0,0.45949038754958804,0.1786260771522912,0.03707441405132035,0.15116279069767444,0.1606779661016949,0.045454545454545456,0.03707433636607536,0.1498099191186454,0.0,0.032786885245901634,0.03773584905660378,0.13978494623655915,0.1875,0.1449511400651466,0.1718931475029036,0.577319587628866,0.9310344827586208,0.28297872340425534,0.2574285714285714,0.30263157894736836,0
0.1619047619047619,0.19672131147540986,0.16666666666666666,0.15789473684210525,0.14634146341463417,0.18867924528301885,0.19672131147540983,0.13541666666666669,0.16,0.43999999999999995,0.25000000000000006,0.4123711340206186,0.1900826446280992,0.21052631578947367,0.62,0.27017543859649124,0.0,0.22950819672131148,1.0,0.39639914555996336,0.36015140533140044,0.12341770147757368,0.2558139534883721,0.2922033898305085,0.015151515151515152,0.12341763075818307,0.25603215858176387,0.6210526315789473,0.19672131147540986,0.18867924528301885,0.1827956989247312,0.140625,0.25732899022801303,0.31707317073170727,0.43298969072164945,0.7586206896551724,0.24468085106382975,0.3,0.2631578947368421,0
0.04761904761904762,0.0,0.0,0.0,0.024390243902439025,0.0,0.0,0.26041666666666663,0.0,0.0,0.0,0.48453608247422686,0.004132231404958678,0.0,0.0,0.017543859649122806,0.0,0.03278688524590164,1.0,0.16280134269148613,0.02416042522348393,0.0005324633420166541,0.011627906976744188,0.0176271186440678,0.3181818181818182,0.0005324028777709727,0.01086176464883527,0.47368421052631576,0.0,0.0,0.005376344086021501,0.140625,0.02280130293159609,0.013937282229965157,0.09278350515463916,0.10344827586206896,0.02765957446808511,0.42857142857142855,0.01644736842105263,0
0.5714285714285715,0.9180327868852459,0.5,1.0,0.7967479674796749,1.0,0.9180327868852459,0.15625,1.0,0.1200000000000001,0.75,0.2577319587628867,1.0,0.9999999999999999,0.67,1.0,0.0,0.7540983606557378,0.79,0.7786084833689351,0.7617782072964484,1.0,1.0,1.0,0.0,1.0,1.0,0.6526315789473685,0.9180327868852459,1.0,1.0,0.140625,1.0,1.0,0.9793814432989691,0.9310344827586208,0.9829787234042553,0.4137142857142857,1.0,1
0.0761904761904762,0.1639344262295082,0.16666666666666666,0.0,0.11382113821138212,0.1509433962264151,0.16393442622950818,0.3541666666666667,0.12000000000000001,0.5699999999999998,0.2,0.4020618556701031,0.14462809917355374,0.13157894736842105,0.45,0.10526315789473685,0.0,0.1639344262295082,0.83,0.2616722612145256,0.18160586292985423,0.023097503436707998,0.0930232558139535,0.11118644067796611,0.045454545454545456,0.023097354032121337,0.09164322982330238,0.47368421052631576,0.1639344262295082,0.1509433962264151,0.13440860215053765,0.28125,0.13029315960912052,0.0975609756097561,0.31958762886597936,0.5517241379310345,0.11063829787234043,0.4347142857142857,0.09868421052631579,1
0.28571428571428575,0.5409836065573771,0.9444444444444444,0.21052631578947367,0.42276422764227645,0.5377358490566038,0.5409836065573771,0.23958333333333337,0.52,0.18999999999999995,0.85,0.4948453608247423,0.6074380165289256,0.42105263157894735,0.47,0.43157894736842106,0.0,0.4098360655737705,0.71,0.6053555080866647,0.2103567689458001,0.06512905035687347,0.22674418604651164,0.24338983050847457,0.045454545454545456,0.06512904552670853,0.22604011094516752,0.46315789473684205,0.5081967213114754,0.5377358490566038,0.6129032258064517,0.203125,0.23452768729641696,0.24970963995354237,0.6391752577319588,0.7241379310344828,0.44468085106382976,0.442,0.4177631578947368,0
0.01904761904761905,0.0,0.0,0.10526315789473684,0.05691056910569106,0.0,0.0,0.14583333333333331,0.0,0.0,0.0,0.48453608247422686,0.004132231404958678,0.0,0.0,0.02456140350877193,0.0,0.03278688524590164,1.0,0.06232834909978639,0.046951759684303776,0.0007199751484836555,0.00872093023255814,0.014915254237288135,0.19696969696969696,0.0007199146993657272,0.008824213976763582,0.47368421052631576,0.0,0.0,0.005376344086021501,0.09375,0.016286644951140065,0.013937282229965157,0.051546391752577324,0.1724137931034483,0.03829787234042553,0.7142857142857143,0.02960526315789474,0
0.01904761904761905,0.0,0.0,0.0,0.008130081300813009,0.0,0.0,0.26041666666666663,0.0,0.0,0.0,0.48453608247422686,0.004132231404958678,0.0,0.0,0.017543859649122806,0.0,0.03278688524590164,1.0,0.05157155935306683,0.03865668035757429,0.0004716838616694122,0.00872093023255814,0.010847457627118645,0.2272727272727273,0.00047159313891885,0.006609189828733248,0.47368421052631576,0.0,0.0,0.005376344086021501,0.21875,0.009771986970684038,0.011614401858304299,0.041237113402061855,0.20689655172413796,0.017021276595744685,0.17857142857142858,0.01644736842105263,0
0.009523809523809525,0.016393442622950824,0.05555555555555555,0.0,0.0,0.018867924528301886,0.016393442622950817,0.21875,0.02,0.0,0.0,0.309278350515464,0.024793388429752067,0.0,0.0,0.03508771929824561,0.6000000000000001,0.04918032786885246,1.0,0.07743362831858408,0.27985825883868887,0.020498860467940885,0.055232558139534885,0.07728813559322034,0.030303030303030304,0.020498872206246306,0.053637721356944744,0.29473684210526313,0.01639344262295082,0.018867924528301886,0.02688172043010753,0.265625,0.09283387622149837,0.06620209059233449,0.1134020618556701,0.4137931034482759,0.023404255319148935,0.0,0.03289473684210526,1
0.0,0.0,0.0,0.0,0.008130081300813009,0.0,0.0,0.14583333333333331,0.0,0.0,0.0,0.48453608247422686,0.004132231404958678,0.0,0.0,0.031578947368421054,0.2,0.03278688524590164,1.0,0.08857186451022278,0.05339453974389949,0.0011154098561949627,0.014534883720930234,0.019661016949152545,0.16666666666666669,0.0011152687627087815,0.012569583179781603,0.47368421052631576,0.0,0.0,0.005376344086021501,0.17187500000000003,0.01954397394136808,0.019744483159117306,0.07216494845360824,0.24137931034482762,0.021276595744680854,0.119,0.02960526315789474,0
0.2285714285714286,0.39344262295081966,0.16666666666666666,0.5789473684210527,0.17073170731707318,0.36792452830188677,0.3934426229508197,0.25000000000000006,0.3,0.56,0.05,0.05154639175257733,0.3553719008264463,0.3157894736842105,0.48,0.2807017543859649,0.0,0.13114754098360656,0.31,0.6700488251449497,0.30595151808005155,0.14652408938784825,0.35755813953488375,0.3735593220338983,0.030303030303030304,0.1465240608707301,0.35604185658591464,0.47368421052631576,0.39344262295081966,0.36792452830188677,0.33333333333333337,0.25,0.4234527687296417,0.33797909407665505,0.7731958762886598,0.6896551724137931,0.28936170212765955,0.40099999999999997,0.29934210526315785,0
0.4285714285714286,0.47540983606557374,0.16666666666666666,0.10526315789473684,0.5528455284552846,0.4811320754716981,0.4754098360655738,0.15625,0.44,0.2999999999999998,0.10000000000000002,0.07216494845360827,0.5041322314049587,0.5,0.63,0.5543859649122806,0.0,0.45901639344262296,0.9,0.42989014342386334,0.5073689296931626,0.2587807541447733,0.3866279069767442,0.4264406779661017,0.015151515151515152,0.25878065400783373,0.38507477161200226,0.631578947368421,0.4754098360655738,0.4811320754716981,0.5000000000000001,0.125,0.4185667752442997,0.4320557491289198,0.5257731958762887,0.7931034482758621,0.5808510638297872,0.4347142857142857,0.5263157894736842,1
0.0,0.016393442622950824,0.0,0.0,0.0,0.018867924528301886,0.016393442622950817,0.4791666666666667,0.02,0.0,0.0,0.309278350515464,0.024793388429752067,0.0,0.0,0.014035087719298244,0.4,0.04918032786885246,1.0,0.05309734513274336,0.06305870983329306,0.001067609169809377,0.011627906976744188,0.018305084745762715,0.1515151515151515,0.0010675285796696524,0.010348740229260817,0.29473684210526313,0.01639344262295082,0.018867924528301886,0.02688172043010753,0.546875,0.024429967426710098,0.013937282229965157,0.051546391752577324,0.13793103448275862,0.00851063829787234,0.0,0.013157894736842105,0
0.12380952380952381,0.0819672131147541,0.2222222222222222,0.10526315789473684,0.10569105691056911,0.09433962264150944,0.0819672131147541,0.13541666666666669,0.09999999999999999,0.0,0.05,0.26804123711340205,0.09917355371900827,0.07894736842105263,0.5,0.1298245614035088,0.0,0.0,0.0,0.28654256942325296,0.18506885721188693,0.02591088645102251,0.10174418604651163,0.12406779661016949,0.045454545454545456,0.025910757442476708,0.10104835424869564,0.5473684210526315,0.08196721311475409,0.09433962264150944,0.1021505376344086,0.109375,0.11400651465798047,0.13124274099883856,0.28865979381443296,0.5862068965517242,0.1382978723404255,0.39685714285714285,0.12828947368421054,0
0.20952380952380956,0.28688524590163933,0.5,0.10526315789473684,0.49593495934959353,0.29245283018867924,0.2950819672131148,0.125,0.3,0.06000000000000005,0.45,0.48453608247422686,0.5041322314049587,0.3157894736842105,0.63,0.4280701754385965,0.2,0.18032786885245902,0.55,0.4121910283796155,0.7029073045018925,0.4717703062862259,0.5116279069767442,0.5532203389830509,0.0,0.4717703040087595,0.5102643675931493,0.631578947368421,0.26229508196721313,0.29245283018867924,0.5591397849462366,0.09375,0.6302931596091206,0.4982578397212543,0.5979381443298969,0.8275862068965517,0.4404255319148936,0.48128571428571426,0.4078947368421052,1
0.0,0.03278688524590164,0.0,0.0,0.0,0.028301886792452827,0.03278688524590164,1.0,0.02,0.5,0.0,0.22680412371134023,0.024793388429752067,0.05263157894736842,0.67,0.007017543859649123,0.6000000000000001,0.06557377049180328,1.0,0.018462007934086054,0.06040106305870982,0.0006208542736980173,0.005813953488372094,0.012203389830508475,0.1515151515151515,0.0006208039011171929,0.005987547762670442,0.736842105263158,0.032786885245901634,0.028301886792452827,0.021505376344086023,1.0,0.013029315960912053,0.011614401858304299,0.02061855670103093,0.10344827586206896,0.004255319148936171,0.0,0.006578947368421052,0
0.44761904761904764,0.3114754098360656,1.0,0.47368421052631576,0.5528455284552846,0.2358490566037736,0.36065573770491804,0.1875,0.2,0.4500000000000002,0.65,0.5670103092783505,0.36776859504132237,0.18421052631578946,0.3,0.343859649122807,0.0,0.3442622950819672,0.88,0.5324992371071101,0.20906821293388095,0.057107137150737834,0.2005813953488372,0.21491525423728813,0.045454545454545456,0.05710706108165823,0.19927749869076947,0.29473684210526313,0.24590163934426232,0.2358490566037736,0.3602150537634409,0.109375,0.19381107491856678,0.22996515679442509,0.5979381443298969,0.8275862068965517,0.5063829787234042,0.6214285714285714,0.35197368421052627,0
0.009523809523809525,0.016393442622950824,0.05555555555555555,0.0,0.0,0.018867924528301886,0.016393442622950817,0.2708333333333333,0.02,0.0,0.05,0.6597938144329898,0.028925619834710745,0.0,0.0,0.02807017543859649,0.0,0.04918032786885246,1.0,0.08803783948733598,0.09736651365064024,0.003129926420423616,0.023255813953488375,0.031186440677966103,0.09090909090909091,0.0031297955739949244,0.021456834183525033,0.29473684210526313,0.01639344262295082,0.018867924528301886,0.03225806451612903,0.3125,0.035830618892508145,0.027874564459930314,0.10309278350515463,0.3448275862068966,0.019148936170212766,0.0,0.02631578947368421,0
0.009523809523809525,0.0,0.0,0.0,0.016260162601626018,0.0,0.0,0.26041666666666663,0.0,0.0,0.0,0.48453608247422686,0.004132231404958678,0.0,0.0,0.017543859649122806,0.4,0.03278688524590164,1.0,0.03883124809276778,0.05436095675283885,0.0007029927949238819,0.00872093023255814,0.012203389830508475,0.16666666666666669,0.0007028516681654301,0.0075595942355063325,0.47368421052631576,0.0,0.0,0.005376344086021501,0.21875,0.016286644951140065,0.009291521486643438,0.051546391752577324,0.20689655172413796,0.017021276595744685,0.3174285714285714,0.01644736842105263,0
0.04761904761904762,0.0,0.16666666666666666,0.3684210526315789,0.024390243902439025,0.0,0.0,0.04166666666666667,0.0,0.0,0.05,1.0,0.02066115702479339,0.0,0.0,0.056140350877192984,0.0,0.01639344262295082,0.5,0.48725968873970094,0.09124587259402431,0.011480353373330743,0.0872093023255814,0.10508474576271187,0.10606060606060606,0.011480334130455223,0.08534340632697791,0.47368421052631576,0.0,0.0,0.02688172043010753,0.046875,0.1237785016286645,0.09175377468060394,0.36082474226804123,0.3103448275862069,0.06595744680851064,0.5101428571428571,0.07565789473684209,0
0.009523809523809525,0.13114754098360656,0.05555555555555555,0.0,0.0,0.1509433962264151,0.13114754098360656,0.19791666666666669,0.16,0.0,0.10000000000000002,0.27835051546391754,0.14462809917355374,0.07894736842105263,0.33,0.14385964912280702,0.4,0.14754098360655737,0.9,0.27837961550198353,0.20278650237577514,0.030006396820967954,0.10755813953488373,0.1342372881355932,0.045454545454545456,0.030006247973765048,0.10743061078030143,0.3684210526315789,0.13114754098360656,0.1509433962264151,0.14516129032258066,0.296875,0.13355048859934854,0.13472706155632985,0.2783505154639175,0.5172413793103449,0.08936170212765958,0.0,0.13486842105263158,0
0.05714285714285715,0.016393442622950824,0.05555555555555555,0.21052631578947367,0.04065040650406505,0.018867924528301886,0.016393442622950817,0.16666666666666669,0.02,0.0,0.05,0.6597938144329898,0.024793388429752067,0.0,0.0,0.031578947368421054,0.4,0.04918032786885246,1.0,0.14906927067439735,0.08021261174196666,0.003280952386522885,0.02616279069767442,0.04,0.1212121212121212,0.003280821552278405,0.026861531896735655,0.29473684210526313,0.01639344262295082,0.018867924528301886,0.02688172043010753,0.109375,0.03908794788273616,0.04065040650406504,0.1134020618556701,0.27586206896551724,0.05319148936170213,0.6428571428571428,0.04276315789473684,0
0.18095238095238098,0.13114754098360656,0.2222222222222222,0.05263157894736842,0.0975609756097561,0.1509433962264151,0.13114754098360656,0.16666666666666669,0.16,0.0,0.30000000000000004,0.6907216494845361,0.1652892561983471,0.15789473684210525,0.67,0.16140350877192983,0.0,0.14754098360655737,0.9,0.18942630454684165,0.19811548683256824,0.02070721700410388,0.07558139534883722,0.09898305084745763,0.045454545454545456,0.02070707749121163,0.07556587854219603,0.6842105263157894,0.13114754098360656,0.1509433962264151,0.17204301075268819,0.140625,0.09283387622149837,0.10336817653890824,0.1958762886597938,0.5172413793103449,0.16595744680851063,0.3044285714285714,0.15460526315789475,1
0.24761904761904763,0.22950819672131148,0.38888888888888884,0.47368421052631576,0.17073170731707318,0.2641509433962264,0.22950819672131148,0.14583333333333331,0.27999999999999997,0.0,0.05,0.10309278350515466,0.3223140495867769,0.0,0.0,0.26666666666666666,0.0,0.11475409836065574,0.44,0.609169972535856,0.2759925908029315,0.10992068353448682,0.29651162790697677,0.3213559322033898,0.030303030303030304,0.10992059155713955,0.2947485307523712,0.010526315789473675,0.2295081967213115,0.2641509433962264,0.34408602150537637,0.140625,0.39087947882736157,0.27177700348432055,0.6494845360824743,0.5517241379310345,0.28085106382978725,0.39685714285714285,0.2796052631578947,1
0.04761904761904762,0.016393442622950824,0.05555555555555555,0.0,0.04065040650406505,0.018867924528301886,0.016393442622950817,0.13541666666666669,0.02,0.0,0.0,0.309278350515464,0.028925619834710745,0.0,0.0,0.056140350877192984,0.0,0.04918032786885246,1.0,0.17325297528227038,0.13594265925746957,0.009535157888894183,0.049418604651162795,0.06847457627118644,0.06060606060606061,0.009535148573621354,0.04919021665341273,0.29473684210526313,0.01639344262295082,0.018867924528301886,0.03225806451612903,0.109375,0.06677524429967427,0.06968641114982578,0.15463917525773196,0.3793103448275862,0.05531914893617021,0.31057142857142855,0.05263157894736842,0
0.009523809523809525,0.14754098360655737,0.2222222222222222,0.0,0.0,0.1509433962264151,0.14754098360655737,0.36458333333333337,0.14,0.25,0.30000000000000004,0.6288659793814434,0.14462809917355374,0.21052631578947367,0.8,0.0912280701754386,0.2,0.18032786885245902,1.0,0.129844369850473,0.2660062817105581,0.02686413701669422,0.07558139534883722,0.10101694915254238,0.030303030303030304,0.026864108930391182,0.07407238590298118,0.8105263157894735,0.1475409836065574,0.1509433962264151,0.13978494623655915,0.5,0.10423452768729642,0.09872241579558652,0.15463917525773196,0.48275862068965514,0.0574468085106383,0.0,0.08552631578947367,0
0.09523809523809525,0.0819672131147541,0.2777777777777778,0.3157894736842105,0.0813008130081301,0.08490566037735849,0.0819672131147541,0.08333333333333333,0.08,0.20000000000000018,0.0,0.11340206185567014,0.17768595041322316,0.10526315789473684,0.67,0.17192982456140352,0.0,0.0819672131147541,0.71,0.6628013426914862,0.1994040428444874,0.06411590774975788,0.2354651162790698,0.2501694915254237,0.045454545454545456,0.06411579190798453,0.23405745097658903,0.6947368421052631,0.08196721311475409,0.08490566037735849,0.20430107526881722,0.09375,0.247557003257329,0.25203252032520324,0.6804123711340206,0.6896551724137931,0.15957446808510636,0.34114285714285714,0.18092105263157895,1
0.0,0.016393442622950824,0.0,0.0,0.0,0.018867924528301886,0.016393442622950817,0.7395833333333334,0.02,0.0,0.0,0.309278350515464,0.01652892561983471,0.0,0.0,0.007017543859649123,0.2,0.04918032786885246,1.0,0.021437290204455305,0.05371667874687927,0.000535065151528781,0.005813953488372094,0.010847457627118645,0.16666666666666669,0.0005349441802901659,0.005667513625695833,0.29473684210526313,0.01639344262295082,0.018867924528301886,0.016129032258064516,0.734375,0.009771986970684038,0.011614401858304299,0.02061855670103093,0.13793103448275862,0.004255319148936171,0.0,0.006578947368421052,0
0.08571428571428572,0.11475409836065575,0.05555555555555555,0.0,0.0813008130081301,0.1320754716981132,0.11475409836065573,0.17708333333333331,0.14,0.0,0.05,0.19587628865979384,0.13636363636363635,0.13157894736842105,0.63,0.14035087719298248,0.0,0.14754098360655737,1.0,0.04531583765639305,0.8166223725537569,0.12028640356066304,0.11337209302325582,0.1559322033898305,0.0,0.12028638301132004,0.11165118218670599,0.6526315789473685,0.11475409836065574,0.1320754716981132,0.13978494623655915,0.17187500000000003,0.15798045602605865,0.15447154471544716,0.09278350515463916,0.6206896551724138,0.125531914893617,0.2747142857142857,0.13157894736842105,1
0.04761904761904762,0.016393442622950824,0.05555555555555555,0.0,0.04878048780487805,0.018867924528301886,0.016393442622950817,0.21875,0.02,0.0,0.05,0.6597938144329898,0.024793388429752067,0.05263157894736842,1.0,0.03508771929824561,0.2,0.04918032786885246,1.0,0.17653341470857492,0.05838769429008617,0.002186155315765082,0.023255813953488375,0.03322033898305085,0.1515151515151515,0.0021860647313316824,0.02338382760827822,1.0,0.01639344262295082,0.018867924528301886,0.02688172043010753,0.09375,0.02280130293159609,0.04065040650406504,0.1134020618556701,0.3793103448275862,0.059574468085106386,0.4761428571428571,0.03289473684210526,1
0.05714285714285715,0.0819672131147541,0.2222222222222222,0.21052631578947367,0.032520325203252036,0.09433962264150944,0.0819672131147541,0.11458333333333333,0.09999999999999999,0.0,0.10000000000000002,0.4123711340206186,0.1322314049586777,0.0,0.0,0.14385964912280702,0.2,0.01639344262295082,0.14,0.2947055233445225,0.37448659096400094,0.10213093644691003,0.20348837209302326,0.24949152542372882,0.015151515151515152,0.1021309547709869,0.20386562445448728,0.09473684210526317,0.08196721311475409,0.09433962264150944,0.14516129032258066,0.140625,0.28501628664495116,0.22415795586527293,0.32989690721649484,0.5172413793103449,0.1170212765957447,0.22414285714285712,0.14802631578947367,0
0.5904761904761905,0.04918032786885246,0.3333333333333333,1.0,0.40650406504065045,0.05660377358490566,0.049180327868852465,0.04166666666666667,0.06,0.0,0.05,0.38144329896907225,0.07851239669421488,0.0,0.0,0.14035087719298248,0.0,0.03278688524590164,0.4,0.31499847421422034,0.24216799549005397,0.04684805097642684,0.14244186046511628,0.17898305084745764,0.030303030303030304,0.046848004333283844,0.14196132435944683,0.15789473684210525,0.04918032786885246,0.05660377358490566,0.08602150537634409,0.0,0.1677524429967427,0.18699186991869918,0.2783505154639175,0.48275862068965514,0.3638297872340425,0.8879999999999999,0.19407894736842105,1
0.1142857142857143,0.03278688524590164,0.0,0.0,0.13008130081300814,0.03773584905660378,0.03278688524590164,0.06250000000000001,0.039999999999999994,0.0,0.0,0.22680412371134023,0.045454545454545456,0.0,0.0,0.1298245614035088,0.4,0.06557377049180328,1.0,0.09795544705523346,0.25956350165096237,0.02083711587358336,0.058139534883720936,0.08677966101694916,0.030303030303030304,0.020837046962907512,0.05867195531159688,0.21052631578947367,0.032786885245901634,0.03773584905660378,0.04838709677419355,0.046875,0.08469055374592835,0.08826945412311266,0.10309278350515463,0.3793103448275862,0.1382978723404255,0.41557142857142854,0.12171052631578946,0
0.10476190476190478,0.09836065573770493,0.16666666666666666,0.42105263157894735,0.17073170731707318,0.11320754716981132,0.09836065573770492,0.1041666666666667,0.12000000000000001,0.0,0.2,0.6185567010309279,0.1487603305785124,0.0,0.0,0.1649122807017544,0.2,0.03278688524590164,0.25,0.18088190418065306,0.5131674317467987,0.1245384359671888,0.18313953488372095,0.23389830508474577,0.015151515151515152,0.12453834516914729,0.18288205287351864,0.08421052631578949,0.09836065573770492,0.11320754716981132,0.16129032258064518,0.09375,0.24267100977198697,0.22764227642276422,0.2268041237113402,0.5862068965517242,0.1851063829787234,0.5311428571428571,0.18092105263157895,1
0.009523809523809525,0.03278688524590164,0.05555555555555555,0.0,0.0,0.03773584905660378,0.03278688524590164,0.4166666666666667,0.039999999999999994,0.0,0.05,0.48453608247422686,0.045454545454545456,0.0,0.0,0.02456140350877193,0.2,0.03278688524590164,0.5,0.0351693622215441,0.1524522831601836,0.004172646962806912,0.020348837209302327,0.02915254237288136,0.06060606060606061,0.004172637214906699,0.018923715499350235,0.21052631578947367,0.032786885245901634,0.03773584905660378,0.04838709677419355,0.46875,0.03420195439739414,0.025551684088269456,0.06185567010309278,0.3448275862068966,0.017021276595744685,0.0,0.023026315789473683,0
0.12380952380952381,0.4508196721311476,0.4444444444444444,0.7894736842105263,0.0975609756097561,0.3584905660377358,0.49180327868852464,0.20833333333333331,0.27999999999999997,0.6699999999999999,1.0,0.6494845360824744,0.4132231404958678,0.5,0.61,0.41403508771929826,0.0,0.4426229508196722,0.84,0.3371223680195301,0.40500926149633565,0.13391207997567128,0.24709302325581395,0.2738983050847458,0.015151515151515152,0.13391193951119135,0.24792365731132535,0.6105263157894736,0.39344262295081966,0.3584905660377358,0.3763440860215054,0.265625,0.28338762214983715,0.2671312427409988,0.49484536082474223,0.896551724137931,0.33617021276595743,0.26242857142857146,0.43749999999999994,1
0.4761904761904762,0.7049180327868853,0.4444444444444444,0.631578947368421,0.6097560975609757,0.7169811320754716,0.7049180327868853,0.17708333333333331,0.66,0.29000000000000004,0.7,0.309278350515464,0.7272727272727273,0.7631578947368421,0.66,0.712280701754386,0.0,0.7049180327868853,0.96,0.7681568507781508,0.5347507449464444,0.4929820323068906,0.6976744186046512,0.7003389830508475,0.0,0.4929820115716395,0.6974213006963168,0.6526315789473685,0.7049180327868853,0.7169811320754716,0.7150537634408602,0.15625,0.6840390879478828,0.7119628339140535,0.9484536082474228,0.9310344827586208,0.723404255319149,0.42557142857142854,0.7072368421052632,1
0.009523809523809525,0.016393442622950824,0.05555555555555555,0.0,0.0,0.018867924528301886,0.016393442622950817,0.4791666666666667,0.02,0.0,0.0,0.309278350515464,0.02066115702479339,0.0,0.0,0.014035087719298244,0.2,0.01639344262295082,0.33,0.03783948733597803,0.08391721027623418,0.0014615211130387807,0.011627906976744188,0.0176271186440678,0.10606060606060606,0.0014614304701445965,0.01111585235758481,0.29473684210526313,0.01639344262295082,0.018867924528301886,0.021505376344086023,0.46875,0.01954397394136808,0.016260162601626018,0.051546391752577324,0.27586206896551724,0.010638297872340425,0.0,0.013157894736842105,0
0.009523809523809525,0.0,0.0,0.0,0.008130081300813009,0.0,0.0,0.6562500000000001,0.0,0.0,0.0,0.48453608247422686,0.004132231404958678,0.0,0.0,0.003508771929824561,0.4,0.03278688524590164,1.0,0.022657918828196524,0.036240637835225895,0.00028939584329265003,0.005813953488372094,0.007457627118644068,0.24242424242424243,0.00028934544397099575,0.004056675136256958,0.47368421052631576,0.0,0.0,0.005376344086021501,0.40624999999999994,0.011400651465798045,0.004645760743321718,0.030927835051546393,0.10344827586206896,0.006382978723404256,0.35714285714285715,0.003289473684210526,0
0.0,0.0,0.0,0.0,0.0,0.0,0.0,0.6562500000000001,0.0,0.0,0.0,0.48453608247422686,0.0,0.0,0.0,0.003508771929824561,0.4,0.03278688524590164,1.0,0.0064845895636252635,0.028187162760731254,0.00014360374981661278,0.002906976744186047,0.0047457627118644066,0.2878787878787879,0.00014358359233441508,0.0022189033496906336,0.47368421052631576,0.0,0.0,0.0,0.578125,0.00488599348534202,0.004645760743321718,0.010309278350515464,0.06896551724137932,0.0021276595744680847,0.0,0.003289473684210526,0
0.6380952380952382,0.459016393442623,0.16666666666666666,0.15789473684210525,0.6910569105691058,0.4716981132075472,0.459016393442623,0.20833333333333331,0.44,0.2599999999999998,0.35000000000000003,0.2474226804123712,0.44214876033057854,0.5789473684210527,0.76,0.4175438596491228,0.0,0.4754098360655738,0.97,0.24465974977113217,0.8513328501248287,0.4334287000726369,0.38953488372093026,0.4555932203389831,0.0,0.4334287652936493,0.38803460247880983,0.7578947368421052,0.45901639344262296,0.4716981132075472,0.424731182795699,0.125,0.4381107491856678,0.46806039488966317,0.34020618556701027,0.8275862068965517,0.5829787234042553,0.6015714285714285,0.4013157894736842,1
0.05714285714285715,0.03278688524590164,0.0,0.0,0.04878048780487805,0.03773584905660378,0.03278688524590164,0.23958333333333337,0.039999999999999994,0.0,0.0,0.22680412371134023,0.0371900826446281,0.07894736842105263,1.0,0.0456140350877193,0.4,0.06557377049180328,1.0,0.1431949954226427,0.08206491100910042,0.003310207616734823,0.02616279069767442,0.03661016949152543,0.1212121212121212,0.0033102280528576407,0.02654925616308164,1.0,0.032786885245901634,0.03773584905660378,0.03763440860215053,0.17187500000000003,0.029315960912052116,0.041811846689895474,0.12371134020618556,0.4482758620689655,0.05319148936170213,0.40814285714285714,0.04276315789473684,1
0.04761904761904762,0.016393442622950824,0.1111111111111111,0.0,0.032520325203252036,0.018867924528301886,0.016393442622950817,0.40625,0.02,0.0,0.05,0.6597938144329898,0.03305785123966942,0.0,0.0,0.017543859649122806,0.4,0.04918032786885246,1.0,0.11626487641135186,0.05371667874687927,0.0013714964870125937,0.01744186046511628,0.025762711864406783,0.16666666666666669,0.001371395752321752,0.015516806641193244,0.29473684210526313,0.01639344262295082,0.018867924528301886,0.03763440860215053,0.234375,0.03257328990228013,0.020905923344947737,0.08247422680412371,0.13793103448275862,0.02765957446808511,0.5194285714285714,0.01644736842105263,1
0.2285714285714286,0.07377049180327869,0.0,0.10526315789473684,0.22764227642276424,0.05660377358490566,0.0819672131147541,0.11458333333333333,0.06,0.0,0.0,0.11340206185567014,0.05785123966942149,0.0,0.0,0.1543859649122807,0.0,0.0819672131147541,0.71,0.1750076289288984,0.28831440766690825,0.03965544942548214,0.10174418604651163,0.12745762711864406,0.030303030303030304,0.03965539211753307,0.10148379463506413,0.09473684210526317,0.04918032786885246,0.05660377358490566,0.04838709677419355,0.046875,0.1254071661237785,0.1289198606271777,0.2268041237113402,0.6551724137931034,0.23829787234042552,0.5638571428571428,0.1513157894736842,0
0.0380952380952381,0.0819672131147541,0.16666666666666666,0.0,0.024390243902439025,0.09433962264150944,0.0819672131147541,0.16666666666666669,0.09999999999999999,0.0,0.30000000000000004,1.0,0.11570247933884296,0.13157894736842105,0.83,0.11578947368421054,0.4,0.11475409836065574,1.0,0.2221544095209033,0.09124587259402431,0.005709166747712697,0.0436046511627907,0.058983050847457634,0.10606060606060606,0.005709036109367495,0.04209709641755727,0.8526315789473684,0.08196721311475409,0.09433962264150944,0.12365591397849462,0.203125,0.06677524429967427,0.053426248548199766,0.1752577319587629,0.27586206896551724,0.0851063829787234,0.11271428571428571,0.10855263157894737,0
0.1142857142857143,0.06557377049180328,0.16666666666666666,0.0,0.12195121951219513,0.07547169811320754,0.06557377049180327,0.22916666666666669,0.08,0.0,0.05,0.309278350515464,0.08264462809917356,0.05263157894736842,0.4,0.0736842105263158,0.0,0.04918032786885246,0.5,0.20010680500457736,0.1264395586695659,0.00940370600133382,0.05232558139534884,0.06847457627118644,0.07575757575757576,0.009403726929057362,0.051868805399848714,0.47368421052631576,0.06557377049180328,0.07547169811320754,0.08602150537634409,0.140625,0.06840390879478828,0.06852497096399536,0.1958762886597938,0.4482758620689655,0.1021276595744681,0.5638571428571428,0.06907894736842105,0
0.1523809523809524,0.0819672131147541,0.16666666666666666,0.5789473684210527,0.14634146341463417,0.09433962264150944,0.0819672131147541,0.07291666666666667,0.09999999999999999,0.0,0.05,0.26804123711340205,0.12396694214876035,0.0,0.0,0.17894736842105263,0.0,0.0819672131147541,0.71,0.7593835825450108,0.18829024724168478,0.06542590875458075,0.25290697674418605,0.27322033898305087,0.045454545454545456,0.0654258333566286,0.2522082355451248,0.09473684210526317,0.08196721311475409,0.09433962264150944,0.13440860215053765,0.06250000000000001,0.3224755700325733,0.2380952380952381,0.6907216494845361,0.48275862068965514,0.20425531914893616,0.5052857142857142,0.20394736842105263,0
0.04761904761904762,0.09836065573770493,0.0,0.0,0.04065040650406505,0.10377358490566038,0.09836065573770492,0.16666666666666669,0.09999999999999999,0.16999999999999993,0.0,0.10309278350515466,0.08264462809917356,0.10526315789473684,0.57,0.1368421052631579,0.2,0.13114754098360656,1.0,0.07750991760756791,0.5180800515422405,0.06770553760665553,0.09883720930232559,0.13559322033898305,0.015151515151515152,0.0677055632379534,0.09814380200554727,0.6105263157894736,0.09836065573770492,0.10377358490566038,0.07526881720430108,0.1875,0.1270358306188925,0.14169570267131243,0.1134020618556701,0.5862068965517242,0.10425531914893617,0.15528571428571428,0.12828947368421054,0
0.05714285714285715,0.09836065573770493,0.0,0.0,0.05691056910569106,0.11320754716981132,0.09836065573770492,0.30208333333333337,0.12000000000000001,0.0,0.0,0.10309278350515466,0.10743801652892564,0.05263157894736842,0.29,0.07719298245614035,0.2,0.13114754098360656,1.0,0.11710405859017395,0.2013368768623661,0.014633685994830508,0.05232558139534884,0.07457627118644068,0.045454545454545456,0.01463354599194843,0.05237310161568749,0.34736842105263155,0.09836065573770492,0.11320754716981132,0.10752688172043012,0.28125,0.08469055374592835,0.06736353077816493,0.13402061855670103,0.3793103448275862,0.07446808510638298,0.32257142857142856,0.07236842105263158,0
0.2761904761904762,0.5409836065573771,0.0,0.0,0.3008130081300813,0.5094339622641509,0.5409836065573771,0.17708333333333331,0.42,0.5499999999999998,0.0,0.0,0.4462809917355372,0.6578947368421052,0.74,0.5649122807017544,0.0,0.4098360655737705,0.71,0.34459871833994515,0.6895385358782314,0.3865058218614039,0.4273255813953489,0.5064406779661018,0.0,0.38650579253604933,0.4258723354733596,0.7263157894736842,0.5409836065573771,0.5094339622641509,0.403225806451613,0.1875,0.498371335504886,0.5121951219512195,0.37113402061855666,0.6206896551724138,0.4829787234042553,0.2642857142857143,0.5296052631578947,0
0.0761904761904762,0.06557377049180328,0.1111111111111111,0.0,0.04878048780487805,0.07547169811320754,0.06557377049180327,0.2916666666666667,0.08,0.0,0.05,0.309278350515464,0.10743801652892564,0.0,0.0,0.05964912280701754,0.2,0.09836065573770492,1.0,0.22383277387854747,0.1087219135056777,0.007853834294745649,0.049418604651162795,0.06779661016949153,0.09090909090909091,0.00785371391395803,0.04965378125181838,0.12631578947368421,0.06557377049180328,0.07547169811320754,0.11827956989247312,0.21875,0.07980456026058633,0.059233449477351915,0.1958762886597938,0.3103448275862069,0.06595744680851064,0.34285714285714286,0.05592105263157895,1
0.08571428571428572,0.0,0.1111111111111111,0.0,0.04878048780487805,0.0,0.0,0.031250000000000014,0.0,0.0,0.0,0.48453608247422686,0.01652892561983471,0.0,0.0,0.09824561403508773,0.8,0.01639344262295082,0.5,0.3964754348489472,0.0733671579286462,0.006489649094152791,0.058139534883720936,0.0752542372881356,0.1212121212121212,0.0064895790259768315,0.058170568497003326,0.47368421052631576,0.0,0.0,0.021505376344086023,0.015625,0.08631921824104234,0.06736353077816493,0.2783505154639175,0.27586206896551724,0.09148936170212767,0.23814285714285716,0.09210526315789475,1
0.04761904761904762,0.0,0.0,0.0,0.024390243902439025,0.0,0.0,0.26041666666666663,0.0,0.0,0.0,0.48453608247422686,0.004132231404958678,0.0,0.0,0.017543859649122806,0.0,0.03278688524590164,1.0,0.16280134269148613,0.02174438270113554,0.00046227499238718603,0.011627906976744188,0.01627118644067797,0.3484848484848485,0.00046215401527613246,0.010085924316775607,0.47368421052631576,0.0,0.0,0.005376344086021501,0.140625,0.021172638436482084,0.012775842044134726,0.09278350515463916,0.10344827586206896,0.02765957446808511,0.42857142857142855,0.01644736842105263,0
0.009523809523809525,0.13114754098360656,0.05555555555555555,0.0,0.0,0.1509433962264151,0.13114754098360656,0.3333333333333333,0.16,0.0,0.15000000000000002,0.38144329896907225,0.1487603305785124,0.0,0.0,0.0912280701754386,0.4,0.06557377049180328,0.4,0.0688892279523955,0.2866231779012644,0.0199075437913786,0.05232558139534884,0.07322033898305086,0.030303030303030304,0.019907474805708345,0.050870880772736965,0.05263157894736842,0.13114754098360656,0.1509433962264151,0.15053763440860216,0.453125,0.08143322475570033,0.06736353077816493,0.10309278350515463,0.4482758620689655,0.0574468085106383,0.0,0.08552631578947367,0
0.05714285714285715,0.04918032786885246,0.1111111111111111,0.3157894736842105,0.032520325203252036,0.0,0.0819672131147541,0.07291666666666667,0.0,0.0,0.15000000000000002,0.5567010309278351,0.07024793388429752,0.0,0.0,0.1929824561403509,0.2,0.11475409836065574,1.0,0.3526090936832469,0.2536844648465813,0.05660154908914682,0.16569767441860464,0.19254237288135592,0.030303030303030304,0.056601523401947296,0.16420466667959735,0.09473684210526317,0.0,0.0,0.06451612903225806,0.09375,0.21335504885993486,0.17770034843205576,0.40206185567010305,0.5862068965517242,0.15106382978723404,0.21328571428571427,0.2006578947368421,0
0.0380952380952381,0.03278688524590164,0.1111111111111111,0.15789473684210525,0.024390243902439025,0.03773584905660378,0.03278688524590164,0.1875,0.039999999999999994,0.0,0.10000000000000002,0.7422680412371135,0.045454545454545456,0.0,0.0,0.0456140350877193,0.0,0.01639344262295082,0.25,0.1421269453768691,0.07151485866151244,0.002593388927077895,0.023255813953488375,0.03457627118644068,0.13636363636363635,0.0025933992208366477,0.023352793994995832,0.21052631578947367,0.032786885245901634,0.03773584905660378,0.04838709677419355,0.1875,0.04234527687296417,0.02903600464576074,0.12371134020618556,0.24137931034482762,0.04893617021276596,0.40814285714285714,0.05263157894736842,0
0.028571428571428574,0.04918032786885246,0.0,0.0,0.032520325203252036,0.04716981132075472,0.049180327868852465,0.25000000000000006,0.039999999999999994,0.33000000000000007,0.0,0.17525773195876293,0.045454545454545456,0.0,0.0,0.056140350877192984,0.0,0.0819672131147541,1.0,0.09658223985352457,0.0926149633566884,0.0030534251531406926,0.023255813953488375,0.03186440677966102,0.10606060606060606,0.003053374976810615,0.02190100277362919,0.15789473684210525,0.04918032786885246,0.04716981132075472,0.043010752688172046,0.25,0.03420195439739414,0.030197444831591175,0.10309278350515463,0.3448275862068966,0.04893617021276596,0.2597142857142857,0.05263157894736842,0
0.009523809523809525,0.016393442622950824,0.05555555555555555,0.0,0.0,0.018867924528301886,0.016393442622950817,0.23958333333333337,0.02,0.0,0.0,0.309278350515464,0.024793388429752067,0.0,0.0,0.031578947368421054,0.4,0.04918032786885246,1.0,0.07667073542874582,0.1314327132157526,0.004911127229332244,0.02616279069767442,0.03728813559322034,0.07575757575757576,0.004911067118340834,0.025795721240568694,0.29473684210526313,0.01639344262295082,0.018867924528301886,0.02688172043010753,0.28125,0.043973941368078175,0.032520325203252036,0.10309278350515463,0.3793103448275862,0.021276595744680854,0.0,0.02960526315789474,1
0.06666666666666668,0.09836065573770493,0.0,0.0,0.06504065040650407,0.10377358490566038,0.09836065573770492,0.22916666666666669,0.09999999999999999,0.16999999999999993,0.0,0.10309278350515466,0.08677685950413223,0.07894736842105263,0.43,0.10175438596491229,0.0,0.13114754098360656,1.0,0.14159292035398233,0.20045099460417168,0.016762581332262813,0.06104651162790698,0.0793220338983051,0.045454545454545456,0.016762612938206776,0.06035455903175127,0.47368421052631576,0.09836065573770492,0.10377358490566038,0.08064516129032259,0.21875,0.07980456026058633,0.07897793263646923,0.1752577319587629,0.5517241379310345,0.09361702127659575,0.29300000000000004,0.09539473684210525,0
0.028571428571428574,0.0,0.0,0.0,0.032520325203252036,0.0,0.0,0.30208333333333337,0.0,0.0,0.0,0.48453608247422686,0.0,0.0,0.0,0.014035087719298244,0.0,0.03278688524590164,1.0,0.06393042416844677,0.06386405734074252,0.0012170115260968148,0.011627906976744188,0.018305084745762715,0.1515151515151515,0.001216920863476509,0.011760769633609405,0.47368421052631576,0.0,0.0,0.0,0.15625,0.017915309446254073,0.018583042973286876,0.06185567010309278,0.27586206896551724,0.023404255319148935,0.5714285714285714,0.013157894736842105,0
0.0,0.0,0.05555555555555555,0.0,0.0,0.0,0.0,0.37500000000000006,0.0,0.0,0.05,1.0,0.004132231404958678,0.0,0.0,0.010526315789473682,0.2,0.01639344262295082,0.5,0.05279218797680807,0.026576467745832322,0.0002725748422607603,0.005813953488372094,0.008813559322033898,0.30303030303030304,0.00027246393437921243,0.004927555908993929,0.47368421052631576,0.0,0.0,0.005376344086021501,0.40624999999999994,0.011400651465798045,0.006968641114982579,0.041237113402061855,0.10344827586206896,0.006382978723404256,0.0,0.009868421052631578,0
0.1619047619047619,0.34426229508196726,0.1111111111111111,0.2631578947368421,0.3577235772357724,0.38679245283018865,0.34426229508196726,0.34375,0.39999999999999997,0.04999999999999982,0.05,0.061855670103092786,0.38016528925619836,0.10526315789473684,0.18,0.1929824561403509,0.4,0.14754098360655737,0.39,0.16104668904485814,0.6170572602077796,0.16273335256386545,0.2005813953488372,0.25084745762711863,0.0,0.16273321442457833,0.19956649921446168,0.17894736842105263,0.3442622950819672,0.38679245283018865,0.3817204301075269,0.234375,0.30130293159609123,0.2148664343786295,0.24742268041237112,0.6206896551724138,0.2574468085106383,0.6604285714285714,0.19736842105263158,1
0.01904761904761905,0.0,0.16666666666666666,0.0,0.016260162601626018,0.0,0.0,0.21875,0.0,0.0,0.05,1.0,0.012396694214876033,0.0,0.0,0.021052631578947368,0.0,0.0,0.0,0.12862374122673179,0.004026737537247322,7.740887525226964e-05,0.002906976744186047,0.006779661016949153,0.7424242424242424,7.732820522687841e-05,0.0035281339100413137,0.47368421052631576,0.0,0.0,0.016129032258064516,0.17187500000000003,0.006514657980456026,0.006968641114982579,0.041237113402061855,0.034482758620689655,0.021276595744680854,0.2857142857142857,0.019736842105263157,0
0.05714285714285715,0.0,0.05555555555555555,0.0,0.05691056910569106,0.0,0.0,0.11458333333333333,0.0,0.0,0.0,0.48453608247422686,0.012396694214876033,0.0,0.0,0.03859649122807018,0.2,0.03278688524590164,1.0,0.08315532499237108,0.15776757670935007,0.007269445692349378,0.03197674418604651,0.04610169491525424,0.06060606060606061,0.0072693958561521116,0.03242527687801851,0.47368421052631576,0.0,0.0,0.016129032258064516,0.06250000000000001,0.04560260586319218,0.04645760743321719,0.10309278350515463,0.4482758620689655,0.05106382978723405,0.5,0.036184210526315784,1
